{"cameraMode":{"drawMode":0,"name":"Shaded","section":"Shading Mode"},"sceneLighting":false,"audioPlay":false,"sceneViewState":{"m_AlwaysRefresh":false,"showFog":true,"showSkybox":false,"showFlares":true,"showImageEffects":true,"showParticleSystems":true,"showVisualEffectGraphs":true,"m_FxEnabled":false},"in2DMode":false,"pivot":{"x":-1.1920928955078126e-7,"y":0.7230809926986694,"z":0.00518488883972168},"rotation":{"x":-0.00602103304117918,"y":-0.0579519085586071,"z":-0.02139783278107643,"w":-0.9984009861946106},"size":2.653881072998047,"orthographic":true}