{"cameraMode":{"drawMode":0,"name":"Shaded","section":"Shading Mode"},"sceneLighting":false,"audioPlay":false,"sceneViewState":{"m_AlwaysRefresh":true,"showFog":true,"showSkybox":false,"showFlares":true,"showImageEffects":true,"showParticleSystems":true,"showVisualEffectGraphs":true,"m_FxEnabled":true},"in2DMode":false,"pivot":{"x":1.2220815420150757,"y":1.8351471424102784,"z":-0.06837457418441773},"rotation":{"x":0.05863640829920769,"y":-0.8885120153427124,"z":0.4394457936286926,"w":0.11850845813751221},"size":6.962460041046143,"orthographic":true}