{"cameraMode":{"drawMode":0,"name":"Shaded","section":"Shading Mode"},"sceneLighting":false,"audioPlay":false,"sceneViewState":{"m_AlwaysRefresh":true,"showFog":true,"showSkybox":false,"showFlares":true,"showImageEffects":true,"showParticleSystems":true,"showVisualEffectGraphs":true,"m_FxEnabled":true},"in2DMode":false,"pivot":{"x":-0.005000114440917969,"y":4.635000705718994,"z":-0.1250007152557373},"rotation":{"x":-0.1594984531402588,"y":-0.3258187174797058,"z":0.05586535111069679,"w":-0.9302285313606262},"size":15.740830421447754,"orthographic":true}