{"cameraMode":{"drawMode":0,"name":"Shaded","section":"Shading Mode"},"sceneLighting":false,"audioPlay":false,"sceneViewState":{"m_AlwaysRefresh":true,"showFog":true,"showSkybox":false,"showFlares":true,"showImageEffects":true,"showParticleSystems":true,"showVisualEffectGraphs":true,"m_FxEnabled":true},"in2DMode":false,"pivot":{"x":-0.06372082233428955,"y":0.539299726486206,"z":1.4901161193847657e-7},"rotation":{"x":-0.12174005061388016,"y":-0.6706761121749878,"z":0.11291107535362244,"w":-0.7229506969451904},"size":0.9954673051834106,"orthographic":true}