{"cameraMode":{"drawMode":0,"name":"Shaded","section":"Shading Mode"},"sceneLighting":false,"audioPlay":false,"sceneViewState":{"m_AlwaysRefresh":true,"showFog":true,"showSkybox":false,"showFlares":true,"showImageEffects":true,"showParticleSystems":true,"showVisualEffectGraphs":true,"m_FxEnabled":true},"in2DMode":false,"pivot":{"x":1.5303611755371094,"y":3.3994860649108888,"z":0.08300019800662995},"rotation":{"x":-0.0013809053925797344,"y":0.9088845252990723,"z":-0.0030081586446613075,"w":-0.41705265641212466},"size":3.887192726135254,"orthographic":true}