{"cameraMode":{"drawMode":0,"name":"Shaded","section":"Shading Mode"},"sceneLighting":false,"audioPlay":false,"sceneViewState":{"m_AlwaysRefresh":false,"showFog":true,"showSkybox":false,"showFlares":true,"showImageEffects":true,"showParticleSystems":true,"showVisualEffectGraphs":true,"m_FxEnabled":false},"in2DMode":false,"pivot":{"x":-0.002076268196105957,"y":1.0075167417526246,"z":-0.006554543972015381},"rotation":{"x":-0.0533442497253418,"y":-0.9179292321205139,"z":0.3906574249267578,"w":-0.04429873451590538},"size":0.2885948419570923,"orthographic":false}