{"cameraMode":{"drawMode":0,"name":"Shaded","section":"Shading Mode"},"sceneLighting":false,"audioPlay":false,"sceneViewState":{"m_AlwaysRefresh":true,"showFog":true,"showSkybox":false,"showFlares":true,"showImageEffects":true,"showParticleSystems":true,"showVisualEffectGraphs":true,"m_FxEnabled":true},"in2DMode":false,"pivot":{"x":1.0435419082641602,"y":1.9275810718536378,"z":0.07250025868415833},"rotation":{"x":0.05863640829920769,"y":-0.8885120153427124,"z":0.4394457936286926,"w":0.11850845813751221},"size":3.482456922531128,"orthographic":true}