{"cameraMode":{"drawMode":0,"name":"Shaded","section":"Shading Mode"},"sceneLighting":false,"audioPlay":false,"sceneViewState":{"m_AlwaysRefresh":true,"showFog":true,"showSkybox":false,"showFlares":true,"showImageEffects":true,"showParticleSystems":true,"showVisualEffectGraphs":true,"m_FxEnabled":true},"in2DMode":false,"pivot":{"x":0.023084253072738649,"y":0.90871262550354,"z":-1.1920928955078126e-7},"rotation":{"x":-0.3415577709674835,"y":-0.5196955800056458,"z":0.23790761828422547,"w":-0.7461041212081909},"size":1.0588446855545045,"orthographic":true}