{"cameraMode":{"drawMode":0,"name":"Shaded","section":"Shading Mode"},"sceneLighting":false,"audioPlay":false,"sceneViewState":{"m_AlwaysRefresh":true,"showFog":true,"showSkybox":false,"showFlares":true,"showImageEffects":true,"showParticleSystems":true,"showVisualEffectGraphs":true,"m_FxEnabled":true},"in2DMode":false,"pivot":{"x":1.4697484970092774,"y":-2.5738143920898439,"z":-2.7995147705078127},"rotation":{"x":-0.6767981052398682,"y":-0.03265080228447914,"z":0.03007165528833866,"w":-0.7348334193229675},"size":53.870296478271487,"orthographic":false}