{"cameraMode":{"drawMode":0,"name":"Shaded","section":"Shading Mode"},"sceneLighting":false,"audioPlay":false,"sceneViewState":{"m_AlwaysRefresh":true,"showFog":true,"showSkybox":false,"showFlares":true,"showImageEffects":true,"showParticleSystems":true,"showVisualEffectGraphs":true,"m_FxEnabled":true},"in2DMode":false,"pivot":{"x":1.1154189109802247,"y":1.7860889434814454,"z":-2.2407140731811525},"rotation":{"x":0.0026741016190499069,"y":-0.9843422770500183,"z":0.17577554285526277,"w":0.015075471252202988},"size":3.5990161895751955,"orthographic":true}