{"cameraMode":{"drawMode":0,"name":"Shaded","section":"Shading Mode"},"sceneLighting":false,"audioPlay":false,"sceneViewState":{"m_AlwaysRefresh":true,"showFog":true,"showSkybox":false,"showFlares":true,"showImageEffects":true,"showParticleSystems":true,"showVisualEffectGraphs":true,"m_FxEnabled":true},"in2DMode":false,"pivot":{"x":-0.029427528381347657,"y":5.843800067901611,"z":0.000009298324584960938},"rotation":{"x":-0.21041859686374665,"y":-0.6714106202125549,"z":0.20793192088603974,"w":-0.6795168519020081},"size":13.180413246154786,"orthographic":true}