{"cameraMode":{"drawMode":0,"name":"Shaded","section":"Shading Mode"},"sceneLighting":false,"audioPlay":false,"sceneViewState":{"m_AlwaysRefresh":false,"showFog":true,"showSkybox":false,"showFlares":true,"showImageEffects":true,"showParticleSystems":true,"showVisualEffectGraphs":true,"m_FxEnabled":false},"in2DMode":false,"pivot":{"x":15.00228500366211,"y":0.8043289184570313,"z":4.719942092895508},"rotation":{"x":0.46034950017929079,"y":0.13859041035175324,"z":-0.036685749888420108,"w":0.876089870929718},"size":18.519447326660158,"orthographic":false}