{"cameraMode":{"drawMode":0,"name":"Shaded","section":"Shading Mode"},"sceneLighting":false,"audioPlay":false,"sceneViewState":{"m_AlwaysRefresh":false,"showFog":true,"showSkybox":false,"showFlares":true,"showImageEffects":true,"showParticleSystems":true,"showVisualEffectGraphs":true,"m_FxEnabled":false},"in2DMode":false,"pivot":{"x":-1.7881393432617188e-7,"y":0.7298681139945984,"z":0.12908053398132325},"rotation":{"x":-0.012479824014008046,"y":-0.7102659940719605,"z":-0.018320690840482713,"w":-0.7040542364120483},"size":3.5525312423706056,"orthographic":true}