{"cameraMode":{"drawMode":0,"name":"Shaded","section":"Shading Mode"},"sceneLighting":false,"audioPlay":false,"sceneViewState":{"m_AlwaysRefresh":false,"showFog":true,"showSkybox":false,"showFlares":true,"showImageEffects":true,"showParticleSystems":true,"showVisualEffectGraphs":true,"m_FxEnabled":false},"in2DMode":false,"pivot":{"x":0.44366979598999026,"y":14.593809127807618,"z":0.23816490173339845},"rotation":{"x":0.20010821521282197,"y":0.7895490527153015,"z":-0.2830080986022949,"w":0.5080821514129639},"size":12.757615089416504,"orthographic":true}