{"cameraMode":{"drawMode":0,"name":"Shaded","section":"Shading Mode"},"sceneLighting":false,"audioPlay":false,"sceneViewState":{"m_AlwaysRefresh":false,"showFog":true,"showSkybox":false,"showFlares":true,"showImageEffects":true,"showParticleSystems":true,"showVisualEffectGraphs":true,"m_FxEnabled":true},"in2DMode":false,"pivot":{"x":-2.016608238220215,"y":0.7401450872421265,"z":3.813948631286621},"rotation":{"x":-0.009085524827241898,"y":-0.9794173240661621,"z":0.19649919867515565,"w":-0.04528503492474556},"size":7.751316547393799,"orthographic":true}