{"cameraMode":{"drawMode":0,"name":"Shaded","section":"Shading Mode"},"sceneLighting":false,"audioPlay":false,"sceneViewState":{"m_AlwaysRefresh":true,"showFog":true,"showSkybox":false,"showFlares":true,"showImageEffects":true,"showParticleSystems":true,"showVisualEffectGraphs":true,"m_FxEnabled":true},"in2DMode":false,"pivot":{"x":0.010810613632202149,"y":3.7824902534484865,"z":-4.172325134277344e-7},"rotation":{"x":-0.3398970663547516,"y":-0.005082603078335524,"z":0.0018331529572606087,"w":-0.9404550790786743},"size":8.117233276367188,"orthographic":true}