{"cameraMode":{"drawMode":0,"name":"Shaded","section":"Shading Mode"},"sceneLighting":false,"audioPlay":false,"sceneViewState":{"m_AlwaysRefresh":true,"showFog":true,"showSkybox":false,"showFlares":true,"showImageEffects":true,"showParticleSystems":true,"showVisualEffectGraphs":true,"m_FxEnabled":true},"in2DMode":false,"pivot":{"x":1.0606440305709839,"y":0.5648388266563416,"z":0.05709242820739746},"rotation":{"x":0.7080774307250977,"y":0.007011036854237318,"z":-0.011949535459280014,"w":-0.7068657875061035},"size":3.235164165496826,"orthographic":true}