{"cameraMode":{"drawMode":0,"name":"Shaded","section":"Shading Mode"},"sceneLighting":false,"audioPlay":false,"sceneViewState":{"m_AlwaysRefresh":true,"showFog":true,"showSkybox":false,"showFlares":true,"showImageEffects":true,"showParticleSystems":true,"showVisualEffectGraphs":true,"m_FxEnabled":true},"in2DMode":false,"pivot":{"x":3.3999996185302736,"y":8.97000503540039,"z":-0.0399932861328125},"rotation":{"x":0.014684808440506459,"y":0.9323484897613525,"z":-0.35927581787109377,"w":0.038054946810007098},"size":7.4791436195373539,"orthographic":true}