{"cameraMode":{"drawMode":0,"name":"Shaded","section":"Shading Mode"},"sceneLighting":false,"audioPlay":false,"sceneViewState":{"m_AlwaysRefresh":true,"showFog":true,"showSkybox":false,"showFlares":true,"showImageEffects":true,"showParticleSystems":true,"showVisualEffectGraphs":true,"m_FxEnabled":true},"in2DMode":false,"pivot":{"x":-0.000001862645149230957,"y":1.5134618282318116,"z":-0.0000011622905731201172},"rotation":{"x":-0.20895685255527497,"y":0.6669996976852417,"z":-0.20327118039131165,"w":-0.6856706142425537},"size":1.5728460550308228,"orthographic":true}