{"cameraMode":{"drawMode":0,"name":"Shaded","section":"Shading Mode"},"sceneLighting":false,"audioPlay":false,"sceneViewState":{"m_AlwaysRefresh":true,"showFog":true,"showSkybox":false,"showFlares":true,"showImageEffects":true,"showParticleSystems":true,"showVisualEffectGraphs":true,"m_FxEnabled":true},"in2DMode":false,"pivot":{"x":-0.3934999108314514,"y":4.017467975616455,"z":2.144787073135376},"rotation":{"x":-0.0013809053925797344,"y":0.9088845252990723,"z":-0.0030081586446613075,"w":-0.41705265641212466},"size":5.976016521453857,"orthographic":true}