{"cameraMode":{"drawMode":0,"name":"Shaded","section":"Shading Mode"},"sceneLighting":false,"audioPlay":false,"sceneViewState":{"m_AlwaysRefresh":false,"showFog":true,"showSkybox":false,"showFlares":true,"showImageEffects":true,"showParticleSystems":true,"showVisualEffectGraphs":true,"m_FxEnabled":false},"in2DMode":false,"pivot":{"x":0.0002288818359375,"y":0.06860464811325073,"z":0.003939151763916016},"rotation":{"x":0.4004570245742798,"y":-0.424946665763855,"z":0.26275962591171267,"w":0.7681267857551575},"size":4.428162097930908,"orthographic":false}