{"cameraMode":{"drawMode":0,"name":"Shaded","section":"Shading Mode"},"sceneLighting":false,"audioPlay":false,"sceneViewState":{"m_AlwaysRefresh":true,"showFog":true,"showSkybox":false,"showFlares":true,"showImageEffects":true,"showParticleSystems":true,"showVisualEffectGraphs":true,"m_FxEnabled":true},"in2DMode":false,"pivot":{"x":0.4812467098236084,"y":1.5971544981002808,"z":-0.41433757543563845},"rotation":{"x":-0.5776618123054504,"y":-0.04232184961438179,"z":0.03000643104314804,"w":-0.8146355152130127},"size":2.1551334857940676,"orthographic":true}