{"cameraMode":{"drawMode":0,"name":"Shaded","section":"Shading Mode"},"sceneLighting":false,"audioPlay":false,"sceneViewState":{"m_AlwaysRefresh":false,"showFog":true,"showSkybox":false,"showFlares":true,"showImageEffects":true,"showParticleSystems":true,"showVisualEffectGraphs":true,"m_FxEnabled":false},"in2DMode":false,"pivot":{"x":0.0000019073486328125,"y":0.5514708757400513,"z":-0.0056035518646240238},"rotation":{"x":-0.16370342671871186,"y":-0.3307821452617645,"z":0.034931354224681857,"w":-0.9290980696678162},"size":2.7885167598724367,"orthographic":true}