{"cameraMode":{"drawMode":0,"name":"Shaded","section":"Shading Mode"},"sceneLighting":false,"audioPlay":false,"sceneViewState":{"m_AlwaysRefresh":true,"showFog":true,"showSkybox":false,"showFlares":true,"showImageEffects":true,"showParticleSystems":true,"showVisualEffectGraphs":true,"m_FxEnabled":true},"in2DMode":false,"pivot":{"x":-9.5367431640625e-7,"y":0.2645076811313629,"z":-0.000003814697265625},"rotation":{"x":-0.08363983780145645,"y":0.9156946539878845,"z":-0.29565706849098208,"w":-0.2590542733669281},"size":16.963762283325197,"orthographic":true}