{"cameraMode":{"drawMode":0,"name":"Shaded","section":"Shading Mode"},"sceneLighting":false,"audioPlay":false,"sceneViewState":{"m_AlwaysRefresh":true,"showFog":true,"showSkybox":false,"showFlares":true,"showImageEffects":true,"showParticleSystems":true,"showVisualEffectGraphs":true,"m_FxEnabled":true},"in2DMode":false,"pivot":{"x":105.82904815673828,"y":25.7027530670166,"z":149.9438934326172},"rotation":{"x":-0.35785919427871706,"y":0.020344289019703866,"z":-0.022593118250370027,"w":-0.9339126348495483},"size":9.650562286376954,"orthographic":true}