{"cameraMode":{"drawMode":0,"name":"Shaded","section":"Shading Mode"},"sceneLighting":false,"audioPlay":false,"sceneViewState":{"m_AlwaysRefresh":true,"showFog":true,"showSkybox":false,"showFlares":true,"showImageEffects":true,"showParticleSystems":true,"showVisualEffectGraphs":true,"m_FxEnabled":true},"in2DMode":false,"pivot":{"x":-0.000001862645149230957,"y":1.5134618282318116,"z":-0.0000011622905731201172},"rotation":{"x":-0.17885583639144898,"y":0.5703836679458618,"z":-0.12893491983413697,"w":-0.7912423014640808},"size":1.5919543504714966,"orthographic":true}