{"cameraMode":{"drawMode":0,"name":"Shaded","section":"Shading Mode"},"sceneLighting":false,"audioPlay":false,"sceneViewState":{"m_AlwaysRefresh":false,"showFog":true,"showSkybox":false,"showFlares":true,"showImageEffects":true,"showParticleSystems":true,"showVisualEffectGraphs":true,"m_FxEnabled":false},"in2DMode":false,"pivot":{"x":-1.1920928955078126e-7,"y":0.7230809926986694,"z":0.00518488883972168},"rotation":{"x":-0.09433747828006745,"y":-0.0835704430937767,"z":-0.006139341276139021,"w":-0.9925920367240906},"size":4.121396064758301,"orthographic":true}