{"cameraMode":{"drawMode":0,"name":"Shaded","section":"Shading Mode"},"sceneLighting":false,"audioPlay":false,"sceneViewState":{"m_AlwaysRefresh":false,"showFog":true,"showSkybox":false,"showFlares":true,"showImageEffects":true,"showParticleSystems":true,"showVisualEffectGraphs":true,"m_FxEnabled":false},"in2DMode":false,"pivot":{"x":-1.1920928955078126e-7,"y":0.7230809926986694,"z":0.00518488883972168},"rotation":{"x":-0.012356250546872616,"y":-0.9931702017784119,"z":-0.014491191133856774,"w":-0.12004826217889786},"size":20.828659057617189,"orthographic":true}