{"cameraMode":{"drawMode":0,"name":"Shaded","section":"Shading Mode"},"sceneLighting":false,"audioPlay":false,"sceneViewState":{"m_AlwaysRefresh":true,"showFog":true,"showSkybox":false,"showFlares":true,"showImageEffects":true,"showParticleSystems":true,"showVisualEffectGraphs":true,"m_FxEnabled":true},"in2DMode":false,"pivot":{"x":-0.0000019073486328125,"y":5.33723258972168,"z":-0.0000019073486328125},"rotation":{"x":-0.5776618123054504,"y":-0.04232184961438179,"z":0.03000643104314804,"w":-0.8146355152130127},"size":32.610294342041019,"orthographic":true}