{"cameraMode":{"drawMode":0,"name":"Shaded","section":"Shading Mode"},"sceneLighting":false,"audioPlay":false,"sceneViewState":{"m_AlwaysRefresh":true,"showFog":true,"showSkybox":false,"showFlares":true,"showImageEffects":true,"showParticleSystems":true,"showVisualEffectGraphs":true,"m_FxEnabled":true},"in2DMode":false,"pivot":{"x":-0.0074999332427978519,"y":2.2400004863739015,"z":-0.01100015640258789},"rotation":{"x":-0.05724698305130005,"y":-0.8810792565345764,"z":0.11054589599370957,"w":-0.4563443064689636},"size":2.866089344024658,"orthographic":true}