{"cameraMode":{"drawMode":0,"name":"Shaded","section":"Shading Mode"},"sceneLighting":false,"audioPlay":false,"sceneViewState":{"m_AlwaysRefresh":true,"showFog":true,"showSkybox":false,"showFlares":true,"showImageEffects":true,"showParticleSystems":true,"showVisualEffectGraphs":true,"m_FxEnabled":true},"in2DMode":false,"pivot":{"x":0.23474222421646119,"y":-0.25128084421157839,"z":-1.8422235250473023},"rotation":{"x":0.17331251502037049,"y":0.7315559983253479,"z":-0.20202022790908814,"w":0.6277627944946289},"size":8.758545875549317,"orthographic":true}