{"cameraMode":{"drawMode":0,"name":"Shaded","section":"Shading Mode"},"sceneLighting":false,"audioPlay":false,"sceneViewState":{"m_AlwaysRefresh":false,"showFog":true,"showSkybox":false,"showFlares":true,"showImageEffects":true,"showParticleSystems":true,"showVisualEffectGraphs":true,"m_FxEnabled":false},"in2DMode":false,"pivot":{"x":0.00023125484585762024,"y":1.0009592771530152,"z":0.0013575106859207154},"rotation":{"x":-0.0533442497253418,"y":-0.9179292321205139,"z":0.3906574249267578,"w":-0.04429873451590538},"size":0.11000368744134903,"orthographic":false}