{"cameraMode":{"drawMode":0,"name":"Shaded","section":"Shading Mode"},"sceneLighting":false,"audioPlay":false,"sceneViewState":{"m_AlwaysRefresh":false,"showFog":true,"showSkybox":false,"showFlares":true,"showImageEffects":true,"showParticleSystems":true,"showVisualEffectGraphs":true,"m_FxEnabled":false},"in2DMode":false,"pivot":{"x":0.07639661431312561,"y":0.48825711011886599,"z":0.0804610550403595},"rotation":{"x":0.10478582233190537,"y":0.880240261554718,"z":-0.2134600579738617,"w":0.41161346435546877},"size":2.670672655105591,"orthographic":true}