{"cameraMode":{"drawMode":0,"name":"Shaded","section":"Shading Mode"},"sceneLighting":false,"audioPlay":false,"sceneViewState":{"m_AlwaysRefresh":true,"showFog":true,"showSkybox":false,"showFlares":true,"showImageEffects":true,"showParticleSystems":true,"showVisualEffectGraphs":true,"m_FxEnabled":true},"in2DMode":false,"pivot":{"x":0.5825678110122681,"y":1.2543418407440186,"z":-0.000519871711730957},"rotation":{"x":0.05863640829920769,"y":-0.8885120153427124,"z":0.4394457936286926,"w":0.11850845813751221},"size":2.4481070041656496,"orthographic":true}