{"cameraMode":{"drawMode":0,"name":"Shaded","section":"Shading Mode"},"sceneLighting":false,"audioPlay":false,"sceneViewState":{"m_AlwaysRefresh":true,"showFog":true,"showSkybox":false,"showFlares":true,"showImageEffects":true,"showParticleSystems":true,"showVisualEffectGraphs":true,"m_FxEnabled":true},"in2DMode":false,"pivot":{"x":-0.05000019073486328,"y":8.970001220703125,"z":0.029996871948242189},"rotation":{"x":-0.0013809053925797344,"y":0.9088845252990723,"z":-0.0030081586446613075,"w":-0.41705265641212466},"size":23.750722885131837,"orthographic":true}