{"cameraMode":{"drawMode":0,"name":"Shaded","section":"Shading Mode"},"sceneLighting":false,"audioPlay":false,"sceneViewState":{"m_AlwaysRefresh":true,"showFog":true,"showSkybox":false,"showFlares":true,"showImageEffects":true,"showParticleSystems":true,"showVisualEffectGraphs":true,"m_FxEnabled":true},"in2DMode":false,"pivot":{"x":0.10737930238246918,"y":0.43882766366004946,"z":-0.06148815155029297},"rotation":{"x":-0.5776618123054504,"y":-0.04232184961438179,"z":0.03000643104314804,"w":-0.8146355152130127},"size":0.8836387991905212,"orthographic":true}