{"cameraMode":{"drawMode":0,"name":"Shaded","section":"Shading Mode"},"sceneLighting":false,"audioPlay":false,"sceneViewState":{"m_AlwaysRefresh":false,"showFog":true,"showSkybox":false,"showFlares":true,"showImageEffects":true,"showParticleSystems":true,"showVisualEffectGraphs":true,"m_FxEnabled":false},"in2DMode":false,"pivot":{"x":-0.08413799107074738,"y":0.6776783466339111,"z":0.03732950985431671},"rotation":{"x":-0.017163576558232309,"y":-0.711503267288208,"z":-0.0026227778289467098,"w":-0.7033218741416931},"size":1.3940303325653077,"orthographic":true}