{"cameraMode":{"drawMode":0,"name":"Shaded","section":"Shading Mode"},"sceneLighting":false,"audioPlay":false,"sceneViewState":{"m_AlwaysRefresh":true,"showFog":true,"showSkybox":false,"showFlares":true,"showImageEffects":true,"showParticleSystems":true,"showVisualEffectGraphs":true,"m_FxEnabled":true},"in2DMode":false,"pivot":{"x":0.000006198883056640625,"y":0.17402032017707826,"z":0.000006198883056640625},"rotation":{"x":-0.08363983780145645,"y":0.9156946539878845,"z":-0.29565706849098208,"w":-0.2590542733669281},"size":3.064624547958374,"orthographic":true}