{"cameraMode":{"drawMode":0,"name":"Shaded","section":"Shading Mode"},"sceneLighting":false,"audioPlay":false,"sceneViewState":{"m_AlwaysRefresh":true,"showFog":true,"showSkybox":false,"showFlares":true,"showImageEffects":true,"showParticleSystems":true,"showVisualEffectGraphs":true,"m_FxEnabled":true},"in2DMode":false,"pivot":{"x":0.008757203817367554,"y":0.21286657452583314,"z":-0.017920002341270448},"rotation":{"x":0.4884548485279083,"y":0.5022508502006531,"z":-0.4314951002597809,"w":0.5684555172920227},"size":3.936929702758789,"orthographic":true}