{"cameraMode":{"drawMode":0,"name":"Shaded","section":"Shading Mode"},"sceneLighting":false,"audioPlay":false,"sceneViewState":{"m_AlwaysRefresh":true,"showFog":true,"showSkybox":false,"showFlares":true,"showImageEffects":true,"showParticleSystems":true,"showVisualEffectGraphs":true,"m_FxEnabled":true},"in2DMode":false,"pivot":{"x":-0.00000858306884765625,"y":0.4638107419013977,"z":-0.00000286102294921875},"rotation":{"x":-0.26749512553215029,"y":-0.32505616545677187,"z":0.09639953821897507,"w":-0.9019488096237183},"size":3.7590105533599855,"orthographic":true}