{"cameraMode":{"drawMode":0,"name":"Shaded","section":"Shading Mode"},"sceneLighting":false,"audioPlay":false,"sceneViewState":{"m_AlwaysRefresh":false,"showFog":true,"showSkybox":false,"showFlares":true,"showImageEffects":true,"showParticleSystems":true,"showVisualEffectGraphs":true,"m_FxEnabled":false},"in2DMode":false,"pivot":{"x":0.0699654221534729,"y":-0.15038329362869264,"z":-0.3077235519886017},"rotation":{"x":0.1648283749818802,"y":0.6906373500823975,"z":-0.14416086673736573,"w":0.6900953650474548},"size":1.7688848972320557,"orthographic":true}