{"cameraMode":{"drawMode":0,"name":"Shaded","section":"Shading Mode"},"sceneLighting":false,"audioPlay":false,"sceneViewState":{"m_AlwaysRefresh":true,"showFog":true,"showSkybox":false,"showFlares":true,"showImageEffects":true,"showParticleSystems":true,"showVisualEffectGraphs":true,"m_FxEnabled":true},"in2DMode":false,"pivot":{"x":5.960464477539063e-8,"y":0.4728391766548157,"z":0.0000011622905731201172},"rotation":{"x":-0.41705116629600527,"y":-0.31730917096138,"z":0.15812265872955323,"w":-0.8368972539901733},"size":0.6965996623039246,"orthographic":true}