{"cameraMode":{"drawMode":0,"name":"Shaded","section":"Shading Mode"},"sceneLighting":false,"audioPlay":false,"sceneViewState":{"m_AlwaysRefresh":false,"showFog":true,"showSkybox":false,"showFlares":true,"showImageEffects":true,"showParticleSystems":true,"showVisualEffectGraphs":true,"m_FxEnabled":false},"in2DMode":false,"pivot":{"x":-0.13308559358119965,"y":0.008096367120742798,"z":-0.06600737571716309},"rotation":{"x":-0.03725261613726616,"y":-0.8813956379890442,"z":0.47091877460479739,"w":-0.0024904441088438036},"size":0.2854507267475128,"orthographic":false}