{"cameraMode":{"drawMode":0,"name":"Shaded","section":"Shading Mode"},"sceneLighting":false,"audioPlay":false,"sceneViewState":{"m_AlwaysRefresh":true,"showFog":true,"showSkybox":false,"showFlares":true,"showImageEffects":true,"showParticleSystems":true,"showVisualEffectGraphs":true,"m_FxEnabled":true},"in2DMode":false,"pivot":{"x":0.10500049591064453,"y":13.610000610351563,"z":0.06418704986572266},"rotation":{"x":-0.5776618123054504,"y":-0.04232184961438179,"z":0.03000643104314804,"w":-0.8146355152130127},"size":36.93339538574219,"orthographic":true}